network_name,price_past,lr,test_mse_loss,test_mae,test_mape
CNN,5,1e-06,7812188.101449062,2406.046381468414,0.1345039811824713
CNN,5,3.538461538461538e-06,3515375.84747448,1484.159994072954,0.0810183844052165
CNN,5,6.076923076923077e-06,699958.5529765969,679.1965784143518,0.03665517465792363
CNN,5,8.615384615384615e-06,609745.8019381241,626.0714045698925,0.03342396386248992
CNN,5,1.1153846153846154e-05,834805.8437649444,733.151940057497,0.040596392684228065
CNN,5,1.3692307692307692e-05,1810406.285833434,1060.4956060521206,0.055877179952052845
CNN,5,1.623076923076923e-05,590881.6622331818,607.452476291816,0.03183660901419182
CNN,5,1.876923076923077e-05,1240643.5052823257,894.1637066438918,0.048194362443005706
CNN,5,2.1307692307692308e-05,708933.0464488614,683.5880166330645,0.03542710840268716
CNN,5,2.3846153846153846e-05,1789735.4961123678,1070.4649639243578,0.05735603052040067
CNN,5,2.6384615384615384e-05,1032117.8236288985,852.4330080458483,0.04551145321304068
CNN,5,2.8923076923076925e-05,1362980.5791716126,953.8371240759409,0.04846910127360751
CNN,5,3.146153846153846e-05,873200.3746624562,737.4419382840501,0.038270547369147596
CNN,5,3.4e-05,1125827.4815240675,862.711568707064,0.04395187282083229
CNN,5,3.653846153846154e-05,906347.1240615252,770.7803119399641,0.03994700890387195
CNN,5,3.9076923076923075e-05,2211709.292834807,1197.9504741636797,0.058732284880664676
CNN,5,4.161538461538461e-05,1164048.3163877416,890.939366786141,0.04665327901637494
CNN,5,4.415384615384615e-05,1196728.3100802696,882.2465604465352,0.0446123180379913
CNN,5,4.669230769230769e-05,954260.0097349035,771.1614700007467,0.03981499618866031
CNN,5,4.9230769230769225e-05,1735455.8246175796,1058.1217179566158,0.0555282824271077
CNN,5,5.176923076923076e-05,1232159.73600028,881.1873704917115,0.04705636289307346
CNN,5,5.430769230769231e-05,1583344.4168434509,1028.0771822729987,0.052510836742115416
CNN,5,5.6846153846153845e-05,1126381.1954729862,843.3194047752389,0.044327295506410604
CNN,5,5.938461538461538e-05,1134684.434646538,860.2577786645012,0.043946160387247524
CNN,5,6.192307692307693e-05,1333844.2091448111,929.6075828853046,0.04688057147400216
CNN,5,6.446153846153846e-05,1233058.411813164,880.06283135454,0.04570530191683563
CNN,5,6.7e-05,1033831.7950783004,810.6407428408752,0.04223162580978291
CNN,5,6.953846153846154e-05,3053434.0509750796,1435.555998917264,0.07032153430583152
CNN,5,7.207692307692308e-05,1839074.1602465766,1097.7955285804958,0.054216021622754594
CNN,5,7.461538461538462e-05,3743072.895028865,1774.5356042786739,0.091260712086963
CNN,5,7.715384615384615e-05,1506382.5855464456,987.5360873095879,0.049337618473706685
CNN,5,7.969230769230769e-05,2363575.316844945,1243.3294749197282,0.06250127673453638
CNN,5,8.223076923076923e-05,1839971.523936578,1103.8482069519116,0.05579779484956673
CNN,5,8.476923076923077e-05,1561201.4126306213,990.0097457903972,0.05161511088880395
CNN,5,8.73076923076923e-05,1851803.4790859746,1116.3887465464456,0.059786828728235555
CNN,5,8.984615384615384e-05,2584267.933099954,1369.942641829077,0.06999673197964101
CNN,5,9.238461538461538e-05,1557721.1620123258,1027.0762733814963,0.05332346452083528
CNN,5,9.492307692307692e-05,2386448.9632474794,1246.335944500448,0.061720421189719266
CNN,5,9.746153846153845e-05,814210.8851599471,715.6504372946536,0.03563708491804075
CNN,5,0.0001,2451492.6229342115,1303.4163166442652,0.06414692160310981
GRU,5,1e-06,152836492.4348865,12258.510273157483,0.6556165703664686
GRU,5,3.538461538461538e-06,1474297.588641332,973.4226882187127,0.05657623300631086
GRU,5,6.076923076923077e-06,972643.0563215486,808.3908828498357,0.04650917586106055
GRU,5,8.615384615384615e-06,1392411.4421503758,964.7138275182945,0.055689275950380965
GRU,5,1.1153846153846154e-05,1088349.166782329,861.764972791592,0.04951534131660593
GRU,5,1.3692307692307692e-05,861291.1966085536,784.6062703012993,0.044658011443162754
GRU,5,1.623076923076923e-05,963750.1374684861,822.5977344216697,0.04690426933665589
GRU,5,1.876923076923077e-05,1112973.8094469204,878.4656943044355,0.050329030904772136
GRU,5,2.1307692307692308e-05,782128.6392227638,750.0503203871715,0.04257736687737077
GRU,5,2.3846153846153846e-05,585138.1632521662,657.1771825063471,0.03692036453560472
GRU,5,2.6384615384615384e-05,1496183.0619510026,1029.339060866562,0.05879848186964165
GRU,5,2.8923076923076925e-05,812176.6467837626,772.4703566028226,0.043529676086682435
GRU,5,3.146153846153846e-05,918549.8804281821,816.388834052046,0.046251018226360616
GRU,5,3.4e-05,466390.2350849484,577.8170491244773,0.032553549116059975
GRU,5,3.653846153846154e-05,629295.1016113664,704.0944932142323,0.03901473515949506
GRU,5,3.9076923076923075e-05,842028.2205592922,786.2864268313172,0.04444264911791199
GRU,5,4.161538461538461e-05,961436.7502262384,853.346938704077,0.04801523426901517
GRU,5,4.415384615384615e-05,1041086.9281049704,895.6608457941309,0.05020510502939835
GRU,5,4.669230769230769e-05,1054166.7240935613,877.5447923667115,0.049652574436299994
GRU,5,4.9230769230769225e-05,787641.3740984143,757.648188984095,0.04286899123725623
GRU,5,5.176923076923076e-05,752098.0647306727,756.7025124607975,0.042430183716685194
GRU,5,5.430769230769231e-05,631208.4369039866,704.5548800123208,0.03908232648272705
GRU,5,5.6846153846153845e-05,795488.4434735425,791.7249232284199,0.0441797495054879
GRU,5,5.938461538461538e-05,711077.6782725117,763.4032969776732,0.042003367158914194
GRU,5,6.192307692307693e-05,957310.4777398742,896.2058726758513,0.04928000382791143
GRU,5,6.446153846153846e-05,1118768.0295646468,964.7031961712216,0.05315292460591027
GRU,5,6.7e-05,1026580.0848503615,897.6829812107975,0.05016942339457431
GRU,5,6.953846153846154e-05,947239.0135190684,874.0373205551822,0.04846905430102484
GRU,5,7.207692307692308e-05,744216.3092437525,771.1505504685633,0.04267514182534305
GRU,5,7.461538461538462e-05,388032.4236219399,529.9844438377389,0.029630989359696675
GRU,5,7.715384615384615e-05,816156.3132403885,824.1224180014187,0.0450843932330881
GRU,5,7.969230769230769e-05,522060.59911010996,639.597811426598,0.035370418258519214
GRU,5,8.223076923076923e-05,1014112.260945948,899.2199482433542,0.05005667419810535
GRU,5,8.476923076923077e-05,823427.5215730155,848.340236941831,0.04585641140616979
GRU,5,8.73076923076923e-05,1157632.7889788593,961.7902420754929,0.05354595468326704
GRU,5,8.984615384615384e-05,871703.1257116986,849.6295024548238,0.04668353498063738
GRU,5,9.238461538461538e-05,675089.9653148035,733.434908667488,0.04052245269184657
GRU,5,9.492307692307692e-05,1045551.0942864093,921.16325161477,0.050909514709115984
GRU,5,9.746153846153845e-05,579030.3263559649,677.1708004312276,0.03745328933785359
GRU,5,0.0001,796675.1582927909,821.4725127408154,0.044686917005665204
LSTM,5,1e-05,5230950.4090875145,2050.326744744997,0.11546073756497821
LSTM,5,3.538461538461538e-05,1334392.3892394719,921.6751873786588,0.053607037168100065
LSTM,5,6.0769230769230765e-05,1101149.369862382,845.1887682478346,0.04896670052161254
LSTM,5,8.615384615384615e-05,522256.4045011322,609.5170355902778,0.0345382251876645
LSTM,5,0.00011153846153846153,637890.7402696233,681.2191081895908,0.03855829140666217
LSTM,5,0.0001369230769230769,1210322.088851327,954.9128712570938,0.053861667492494804
LSTM,5,0.0001623076923076923,871115.4600590669,783.1059949503435,0.0446402000477283
LSTM,5,0.00018769230769230769,683333.0139982846,717.6901823383363,0.040227682689900277
LSTM,5,0.00021307692307692306,1280127.7780907424,994.2109316662933,0.05593898117008105
LSTM,5,0.00023846153846153844,867684.4393742606,823.783768994549,0.04611748227170305
LSTM,5,0.00026384615384615384,254782.83810572472,435.79565108833634,0.02232138946443922
LSTM,5,0.0002892307692307692,2943983.5642744903,1398.0523155148596,0.08090550437475526
LSTM,5,0.00031461538461538465,2270283.212483724,1315.227452723641,0.07434205264503997
LSTM,5,0.00034,119068.16145530254,281.95899720915475,0.015171080720612134
LSTM,5,0.0003653846153846154,878864.8821691059,741.654069360439,0.043143798654349766
LSTM,5,0.0003907692307692308,705369.5570413551,674.8732113855286,0.031903871231704545
LSTM,5,0.00041615384615384615,868408.0937814803,789.7694577452957,0.03778577664178879
LSTM,5,0.00044153846153846153,614693.4017799918,712.194584453405,0.035237070592735745
LSTM,5,0.0004669230769230769,1096054.4143967726,890.9974856724164,0.042666540033639636
LSTM,5,0.0004923076923076923,1051350.1237486699,988.0942446983273,0.050718723793526314
LSTM,5,0.0005176923076923077,550534.7905856535,672.8061027572431,0.03592785031642454
LSTM,5,0.000543076923076923,732882.0846555749,780.4568679062127,0.04260690774974404
LSTM,5,0.0005684615384615384,138355.2898060515,274.88264682273,0.01414610341265188
LSTM,5,0.0005938461538461538,548954.5988351874,670.1354715035095,0.036429483600914
LSTM,5,0.0006192307692307693,1341157.3149878161,950.7067477318549,0.05472522788133559
LSTM,5,0.0006446153846153846,756356.7441666807,737.6488960293459,0.041840099229604216
LSTM,5,0.00067,2028689.2465803768,1156.2646647718786,0.06702193203708352
LSTM,5,0.0006953846153846154,736172.3465488119,807.1504384613949,0.04170345112997393
LSTM,5,0.0007207692307692308,2715507.2717083893,1559.9540548928464,0.08475399474232828
LSTM,5,0.0007461538461538462,807452.3665229314,836.6371492775538,0.04566398656576482
LSTM,5,0.0007715384615384615,946406.9906682204,859.4955092125896,0.048145281806573015
LSTM,5,0.0007969230769230769,839715.660450998,867.4294133157855,0.0444661575791525
LSTM,5,0.0008223076923076923,1375892.05496348,924.1432023316158,0.043219393256073727
LSTM,5,0.0008476923076923077,638116.549830251,702.141760239322,0.03431956019671093
LSTM,5,0.000873076923076923,738676.2394301302,809.4673300757916,0.04311658935446827
LSTM,5,0.0008984615384615384,539094.592897422,680.7703923051075,0.034948706514536354
LSTM,5,0.0009238461538461538,1134720.9483146896,857.3019713261649,0.04050972739854475
LSTM,5,0.0009492307692307692,669692.1438986757,772.1964080701165,0.03988044205554394
LSTM,5,0.0009746153846153845,2882659.0955577926,1635.0900805984916,0.08406834032658733
LSTM,5,0.001,3178561.4447429846,1659.184584313396,0.08295942448400041
RNN,5,1e-06,122131623.12066905,10894.530350442428,0.5859641132958616
RNN,5,3.538461538461538e-06,1566101.0478820163,1060.057661523671,0.06004422799999625
RNN,5,6.076923076923077e-06,1400020.157412407,1001.133040014561,0.056650384253074816
RNN,5,8.615384615384615e-06,1833117.4310765467,1149.504182767697,0.06493918573917913
RNN,5,1.1153846153846154e-05,1699691.2769855468,1122.0169935875897,0.0631889674428051
RNN,5,1.3692307692307692e-05,1783158.182810201,1149.5529642230435,0.0646691157774272
RNN,5,1.623076923076923e-05,1436645.6848769148,1048.6247188153375,0.05819714449891215
RNN,5,1.876923076923077e-05,1484948.0640759668,1050.6753787242383,0.058748518027217915
RNN,5,2.1307692307692308e-05,1375049.0568342493,1010.583397504107,0.056461556768356035
RNN,5,2.3846153846153846e-05,1660292.7804347577,1145.5368141894414,0.06345907727962559
RNN,5,2.6384615384615384e-05,1634433.8276356615,1122.5959399734916,0.06223080838364082
RNN,5,2.8923076923076925e-05,1560161.9396184012,1127.5581328871715,0.06162620479987351
RNN,5,3.146153846153846e-05,1760910.45804683,1182.5140884016578,0.06514318585189617
RNN,5,3.4e-05,1569439.2965837703,1130.5529338877689,0.06117985241510168
RNN,5,3.653846153846154e-05,1855094.3255929525,1226.9889217909947,0.06756382188751399
RNN,5,3.9076923076923075e-05,2191567.05920814,1356.8982963242981,0.07424228404094307
RNN,5,4.161538461538461e-05,2352992.1191587825,1440.4084329730435,0.07718419654959612
RNN,5,4.415384615384615e-05,1787679.9605956995,1201.984212822954,0.06597984351038699
RNN,5,4.669230769230769e-05,2062190.008825236,1348.0865010360662,0.07223313904776023
RNN,5,4.9230769230769225e-05,2183173.502961372,1363.776273848193,0.07407157474643636
RNN,5,5.176923076923076e-05,1682494.4526378126,1195.7327380619026,0.06243255384696988
RNN,5,5.430769230769231e-05,2051389.6390706818,1339.2181607956243,0.06857526393522695
RNN,5,5.6846153846153845e-05,1940416.7572406144,1300.5586719216697,0.06844029209719528
RNN,5,5.938461538461538e-05,1966662.9001867415,1279.9942141297042,0.06480496522634825
RNN,5,6.192307692307693e-05,1865095.0151193636,1272.184145618653,0.06581594132547898
RNN,5,6.446153846153846e-05,2032405.7074528036,1191.4711849891726,0.06785185865863777
RNN,5,6.7e-05,2408481.9767932594,1465.2651991394116,0.07596215059557371
RNN,5,6.953846153846154e-05,2825980.032931753,1409.4698245687723,0.08034061595024983
RNN,5,7.207692307692308e-05,2848536.042663834,1607.3097966603195,0.0839195419791211
RNN,5,7.461538461538462e-05,2403677.323730651,1337.6499810987902,0.06528489072307812
RNN,5,7.715384615384615e-05,2262235.180291252,1253.3756895441309,0.07156757908490981
RNN,5,7.969230769230769e-05,2212177.1205215817,1398.4359003976253,0.07192997225207351
RNN,5,8.223076923076923e-05,2654355.115674592,1356.1295187892026,0.07756774028289551
RNN,5,8.476923076923077e-05,2464120.4957398856,1320.4044987212515,0.07520383316618426
RNN,5,8.73076923076923e-05,1578724.524879943,1143.7240015027628,0.05795750636712506
RNN,5,8.984615384615384e-05,3079041.7069786964,1647.1469032351404,0.08424794789570024
RNN,5,9.238461538461538e-05,2604162.279048177,1361.0241503789575,0.07735496291381093
RNN,5,9.492307692307692e-05,2395982.1359386602,1392.653637666144,0.06919760746066528
RNN,5,9.746153846153845e-05,1846398.6683751405,1150.5566207903973,0.0648432482653198
RNN,5,0.0001,2502425.349230512,1327.4789694873805,0.0756592206403135
LSTM_GRU,5,1e-06,283898784.3632019,16658.339780745966,0.8938246466210523
LSTM_GRU,5,3.538461538461538e-06,63260169.88530466,7797.816330411813,0.4214138895308815
LSTM_GRU,5,6.076923076923077e-06,5872908.925025311,2020.4005201332886,0.1165256290414216
LSTM_GRU,5,8.615384615384615e-06,1746408.1422488124,1076.6561274921594,0.062340151663094076
LSTM_GRU,5,1.1153846153846154e-05,1231067.433467619,939.1473792656063,0.05366246763620556
LSTM_GRU,5,1.3692307692307692e-05,1378842.4605253895,982.1818261368728,0.05637616225821286
LSTM_GRU,5,1.623076923076923e-05,1772067.1847253432,1102.2446901601702,0.06348434088711442
LSTM_GRU,5,1.876923076923077e-05,1500997.082087436,1018.3826409890233,0.05857833580714036
LSTM_GRU,5,2.1307692307692308e-05,1545498.6343470565,1039.7879902647103,0.05968592148257493
LSTM_GRU,5,2.3846153846153846e-05,1786973.2794688097,1097.761498235887,0.06337509668378488
LSTM_GRU,5,2.6384615384615384e-05,1783503.999475732,1106.9267974817055,0.06370321823575555
LSTM_GRU,5,2.8923076923076925e-05,1956879.423742479,1154.7454112063172,0.06655567305421528
LSTM_GRU,5,3.146153846153846e-05,1613547.7239022932,1074.1168689796148,0.061435266843734904
LSTM_GRU,5,3.4e-05,1902972.597258765,1150.9026529364546,0.06611609651676888
LSTM_GRU,5,3.653846153846154e-05,1733989.6127180238,1120.753996089083,0.06395820989787065
LSTM_GRU,5,3.9076923076923075e-05,2411792.639088329,1295.9366471120818,0.07445567967998823
LSTM_GRU,5,4.161538461538461e-05,1958283.7233032081,1187.8547068679063,0.06785338249606505
LSTM_GRU,5,4.415384615384615e-05,1926621.3614336785,1181.1717944948477,0.06742182254309742
LSTM_GRU,5,4.669230769230769e-05,2128411.234599475,1211.11750135342,0.06969752236110387
LSTM_GRU,5,4.9230769230769225e-05,2488808.9003288425,1301.6413308785095,0.07505219203994132
LSTM_GRU,5,5.176923076923076e-05,1815248.476902824,1134.1867591192504,0.06496836575595334
LSTM_GRU,5,5.430769230769231e-05,2167462.1670143967,1256.105717265905,0.07163775546123383
LSTM_GRU,5,5.6846153846153845e-05,2271897.259856198,1265.1625469030018,0.07256421510736515
LSTM_GRU,5,5.938461538461538e-05,1781758.409900296,1136.2713105305406,0.06486841560552621
LSTM_GRU,5,6.192307692307693e-05,1975515.187257336,1176.5544809867831,0.0675173761857047
LSTM_GRU,5,6.446153846153846e-05,1756978.3008504887,1120.9024545904272,0.06411161658750777
LSTM_GRU,5,6.7e-05,1765612.2086670944,1126.954995286365,0.0644151530891441
LSTM_GRU,5,6.953846153846154e-05,1506018.6975660608,1049.3848531306003,0.05978319064612203
LSTM_GRU,5,7.207692307692308e-05,1736458.3564064638,1120.1101695508512,0.0639786667521796
LSTM_GRU,5,7.461538461538462e-05,2674358.567865552,1375.5132833501343,0.07882184913274003
LSTM_GRU,5,7.715384615384615e-05,1465237.0864258178,1032.02570447842,0.058858036262157354
LSTM_GRU,5,7.969230769230769e-05,1531427.2710377683,1050.827587132243,0.06001429418648516
LSTM_GRU,5,8.223076923076923e-05,2082755.8502289876,1256.5521498375897,0.07112748393682672
LSTM_GRU,5,8.476923076923077e-05,1745982.7130421556,1123.2367003154868,0.06413641750655084
LSTM_GRU,5,8.73076923076923e-05,1969412.394154575,1210.262429295475,0.0687727638576074
LSTM_GRU,5,8.984615384615384e-05,2146188.947053333,1284.24823005339,0.07252214351077502
LSTM_GRU,5,9.238461538461538e-05,2281444.3172728196,1182.9527014728942,0.06926234518684082
LSTM_GRU,5,9.492307692307692e-05,2498740.1426973515,1360.5934618148895,0.07733386563119928
LSTM_GRU,5,9.746153846153845e-05,1480621.380447807,1055.9215168104092,0.0598686145378773
LSTM_GRU,5,0.0001,1581131.0956649142,1084.7348195284499,0.06161595516286795
RNN_GRU,5,1e-06,182608391.99044207,13343.372165985289,0.7166788287487509
RNN_GRU,5,3.538461538461538e-06,5551283.9986821655,1965.2842100227747,0.11299226979966448
RNN_GRU,5,6.076923076923077e-06,3808172.5873107137,1635.8336261854092,0.0937643679759513
RNN_GRU,5,8.615384615384615e-06,4126160.3199131736,1730.368654093862,0.0986145112540442
RNN_GRU,5,1.1153846153846154e-05,3316651.5095467744,1548.5360954767773,0.08819406190163931
RNN_GRU,5,1.3692307692307692e-05,4451686.800509755,1807.6213679342145,0.10284149929944171
RNN_GRU,5,1.623076923076923e-05,3236254.25207139,1575.2687016969087,0.08872920234359452
RNN_GRU,5,1.876923076923077e-05,2934148.2888458143,1506.6291220971475,0.08448930367961772
RNN_GRU,5,2.1307692307692308e-05,2514473.8640086814,1432.4660396598715,0.07923287327355859
RNN_GRU,5,2.3846153846153846e-05,3089354.387558845,1579.0696229558691,0.08782916565416932
RNN_GRU,5,2.6384615384615384e-05,2253326.0496440055,1361.8773649846923,0.07478025636781484
RNN_GRU,5,2.8923076923076925e-05,1905184.7344377944,1256.2472406567354,0.06888284926865544
RNN_GRU,5,3.146153846153846e-05,2538516.656845275,1451.8713025966995,0.07985220355353916
RNN_GRU,5,3.4e-05,2156205.2482286724,1346.474064506795,0.07325005274394103
RNN_GRU,5,3.653846153846154e-05,1638757.7716900131,1189.3380318007019,0.06360376351505319
RNN_GRU,5,3.9076923076923075e-05,2698265.315916574,1523.2646811062575,0.08313746274813129
RNN_GRU,5,4.161538461538461e-05,2966443.0630824226,1591.7593700996863,0.08726936531753314
RNN_GRU,5,4.415384615384615e-05,3190379.5151563436,1518.7220390438322,0.08641410886961894
RNN_GRU,5,4.669230769230769e-05,2458922.401468781,1472.3841647532108,0.07833540926932316
RNN_GRU,5,4.9230769230769225e-05,2674357.0142383096,1521.9658226459826,0.08225569407269039
RNN_GRU,5,5.176923076923076e-05,1974585.7153122695,1314.8651678707438,0.06851858417422865
RNN_GRU,5,5.430769230769231e-05,2522516.690584208,1469.471448672715,0.07410742538855128
RNN_GRU,5,5.6846153846153845e-05,2994005.4203773327,1460.222897765457,0.08311890957496232
RNN_GRU,5,5.938461538461538e-05,2522542.2615405847,1448.750292852076,0.0727368995032049
RNN_GRU,5,6.192307692307693e-05,2521280.9209319814,1421.538554967518,0.0706262360652408
RNN_GRU,5,6.446153846153846e-05,2595584.054335609,1359.640469823402,0.07717928915096321
RNN_GRU,5,6.7e-05,2823627.2135498384,1427.0584199055406,0.08088767536814792
RNN_GRU,5,6.953846153846154e-05,1992410.8249471795,1288.0749246285095,0.06561907871530069
RNN_GRU,5,7.207692307692308e-05,2760368.08945389,1417.8792924413829,0.08035609385187681
RNN_GRU,5,7.461538461538462e-05,2835776.9174376456,1442.5285489938024,0.07034085460954091
RNN_GRU,5,7.715384615384615e-05,2515612.3736635162,1341.9078496023747,0.07605689039758186
RNN_GRU,5,7.969230769230769e-05,2655612.506129334,1242.1070473510304,0.057794918145318466
RNN_GRU,5,8.223076923076923e-05,2660235.6409964613,1392.789103335947,0.06780514004327337
RNN_GRU,5,8.476923076923077e-05,2710533.776155424,1454.7752541162633,0.07204376631683426
RNN_GRU,5,8.73076923076923e-05,1969674.0923909834,1148.1410228587963,0.055045446711981125
RNN_GRU,5,8.984615384615384e-05,2072187.476552104,1159.9869313302718,0.05532829295276019
RNN_GRU,5,9.238461538461538e-05,1762241.1066161033,1010.1671135285992,0.04732793464782772
RNN_GRU,5,9.492307692307692e-05,1753300.8079533593,1016.8920239228644,0.04765290638881051
RNN_GRU,5,9.746153846153845e-05,1244620.586201735,895.8372244156959,0.04339889346208079
RNN_GRU,5,0.0001,1610213.4938836957,1014.0957322935335,0.04869808377278371
CNN,15,1e-06,4129014.7817688673,1690.3604075660842,0.09412688070439311
CNN,15,3.538461538461538e-06,681886.2965610144,661.54116380115,0.03550064890300458
CNN,15,6.076923076923077e-06,797392.613702831,724.4806600955794,0.039638627664054064
CNN,15,8.615384615384615e-06,862510.8373569832,745.4094725395759,0.038959210798207765
CNN,15,1.1153846153846154e-05,865692.1299477535,732.5080668496117,0.03835668226850668
CNN,15,1.3692307692307692e-05,1056153.2956235379,808.8321584248058,0.042182130833521084
CNN,15,1.623076923076923e-05,938708.4945842647,773.6243022886798,0.03984508237194528
CNN,15,1.876923076923077e-05,2050803.4732412978,1142.2539260846027,0.06214009880295091
CNN,15,2.1307692307692308e-05,1552538.086426082,1006.5151233012247,0.04948908311773588
CNN,15,2.3846153846153846e-05,1113318.6401762832,834.2896132019116,0.04335438064287897
CNN,15,2.6384615384615384e-05,1370800.3704443218,944.8198446367235,0.0480630522037997
CNN,15,2.8923076923076925e-05,5401315.607003015,1972.77229526023,0.09558074337533501
CNN,15,3.146153846153846e-05,8122452.120701876,2392.663168776135,0.11519476904366482
CNN,15,3.4e-05,1557148.3462563655,1027.1408723491636,0.05188292100799009
CNN,15,3.653846153846154e-05,1767810.038954262,1077.7568277703106,0.05586541343832307
CNN,15,3.9076923076923075e-05,2030950.6183498523,1127.457082586619,0.05536894487694344
CNN,15,4.161538461538461e-05,7191666.179735519,2360.0578050328554,0.1160583245259762
CNN,15,4.415384615384615e-05,1524028.1940071718,985.4176793981482,0.049600723405745735
CNN,15,4.669230769230769e-05,6489350.479239192,2156.3929876512098,0.10412187382639769
CNN,15,4.9230769230769225e-05,6858843.823176594,2184.8157038717145,0.1043555099562171
CNN,15,5.176923076923076e-05,7368845.336056289,2266.119096288829,0.1080592323749599
CNN,15,5.430769230769231e-05,4458427.942787914,1787.9984529009857,0.08661393089735382
CNN,15,5.6846153846153845e-05,3018806.104178685,1433.0674388160842,0.068691177534695
CNN,15,5.938461538461538e-05,4628208.943896313,1792.5162795418908,0.08655223286169077
CNN,15,6.192307692307693e-05,821288.036792778,773.2008743559588,0.038872390406633005
CNN,15,6.446153846153846e-05,3587360.331517688,1589.8400175944594,0.07663351783353398
CNN,15,6.7e-05,12453521.353240857,3193.1388422192354,0.15694676805955216
CNN,15,6.953846153846154e-05,4344293.153775734,1564.2021332698625,0.07185454254210734
CNN,15,7.207692307692308e-05,2136775.237900163,1146.991880647028,0.05390569690131161
CNN,15,7.461538461538462e-05,1502735.0084882893,1069.199160412933,0.05341284435140603
CNN,15,7.715384615384615e-05,1061050.8821549865,894.727445723193,0.046422485235433554
CNN,15,7.969230769230769e-05,1036857.2366161597,823.62417161365,0.0394829212556699
CNN,15,8.223076923076923e-05,1518328.3507518426,983.8538283116786,0.0465227886594425
CNN,15,8.476923076923077e-05,839950.2382434494,740.5448612044504,0.03595918920654551
CNN,15,8.73076923076923e-05,3302359.8647369104,1337.8597518574522,0.06085616014435149
CNN,15,8.984615384615384e-05,2050871.9486808002,1135.7212631608422,0.05374247671964439
CNN,15,9.238461538461538e-05,1121962.1867990254,836.8800368223566,0.04063401988054055
CNN,15,9.492307692307692e-05,2704440.2556082522,1255.6649480566757,0.058072455791700735
CNN,15,9.746153846153845e-05,6638883.443869888,2087.0197470971475,0.0979492712586928
CNN,15,0.0001,3333966.7267861497,1549.3980489751343,0.07447030707042004
GRU,15,1e-06,37338635.35005974,6002.51272098081,0.3238013740829242
GRU,15,3.538461538461538e-06,2080665.6606555926,1155.6846029812575,0.06723815562987878
GRU,15,6.076923076923077e-06,1447748.6235866023,974.7030444948476,0.05642897011506889
GRU,15,8.615384615384615e-06,1339030.4190268111,940.0098741319445,0.05438059527456049
GRU,15,1.1153846153846154e-05,2001542.4349992357,1138.7878502557496,0.06614079334645999
GRU,15,1.3692307692307692e-05,1587716.2151827796,1039.2317790005227,0.059859584433950425
GRU,15,1.623076923076923e-05,1451604.502337033,979.0630612025836,0.056639888107668436
GRU,15,1.876923076923077e-05,1127141.4938111072,868.297930900911,0.050065531811930825
GRU,15,2.1307692307692308e-05,1623734.702853851,1043.6615061697282,0.06024654738201037
GRU,15,2.3846153846153846e-05,1238512.8245882515,920.6991545792264,0.05293096639379025
GRU,15,2.6384615384615384e-05,1030462.1073377101,846.6666304976852,0.04847273815756988
GRU,15,2.8923076923076925e-05,1356120.0293465252,980.725599938396,0.05602259164516216
GRU,15,3.146153846153846e-05,1069115.8425636292,852.3579784106183,0.04899383995473476
GRU,15,3.4e-05,768532.7058384347,732.0007782164726,0.041817914541448294
GRU,15,3.653846153846154e-05,975056.3172178235,827.9715536794355,0.04730988130672634
GRU,15,3.9076923076923075e-05,903807.6957257224,794.6047022009409,0.04543136865408437
GRU,15,4.161538461538461e-05,939317.3277236592,796.1749096942204,0.045800737617521056
GRU,15,4.415384615384615e-05,819643.12410397,766.7085608478943,0.043616527209670804
GRU,15,4.669230769230769e-05,1064902.2871972634,871.0278209472073,0.04968553763725464
GRU,15,4.9230769230769225e-05,741276.4870498594,742.2392881477748,0.041914184913209064
GRU,15,5.176923076923076e-05,897902.914336707,830.4957238929958,0.046676707933978163
GRU,15,5.430769230769231e-05,374324.49932456156,543.3019211562873,0.02985959804309383
GRU,15,5.6846153846153845e-05,493988.5217589284,596.442886844758,0.03365012016348703
GRU,15,5.938461538461538e-05,858828.6878797789,797.2383220859468,0.04509188631669996
GRU,15,6.192307692307693e-05,443899.7235562269,576.2068387376792,0.03216881725960842
GRU,15,6.446153846153846e-05,574093.2096275184,657.6200331821236,0.03693059884103534
GRU,15,6.7e-05,377400.07046085846,532.8322470971475,0.02963727582714091
GRU,15,6.953846153846154e-05,891625.3305019438,828.8733117252838,0.04655158035355601
GRU,15,7.207692307692308e-05,412011.48251603014,556.7507945508513,0.03100070137477531
GRU,15,7.461538461538462e-05,891703.9591664049,840.2838623338561,0.046879493663273306
GRU,15,7.715384615384615e-05,1272275.4281307023,986.5978090931153,0.055612493452856376
GRU,15,7.969230769230769e-05,986573.3099417373,887.5268782202061,0.04947349004256355
GRU,15,8.223076923076923e-05,896940.0368690308,844.2790786943698,0.047114021677786444
GRU,15,8.476923076923077e-05,340843.5239114978,523.6686886294057,0.02851688480492644
GRU,15,8.73076923076923e-05,471684.895418616,616.6602694239098,0.03387904768127666
GRU,15,8.984615384615384e-05,379190.30888018955,564.8977502893518,0.030463108898132946
GRU,15,9.238461538461538e-05,410107.4510996282,596.5928574428764,0.03155879410753041
GRU,15,9.492307692307692e-05,714988.5184669904,772.5798529439218,0.042319735224697966
GRU,15,9.746153846153845e-05,650677.5989264394,722.288078937052,0.03999650370907488
GRU,15,0.0001,460632.9807780823,636.8957574951463,0.033581120951666814
LSTM,15,1e-05,1489573.9455183342,967.5368141894414,0.056431858442696894
LSTM,15,3.538461538461538e-05,2494853.388396761,1251.9210361129778,0.07306196433400425
LSTM,15,6.0769230769230765e-05,1353886.7469833356,963.7815685203853,0.05540532043180658
LSTM,15,8.615384615384615e-05,483156.49361781095,563.1434450138142,0.032359513634104005
LSTM,15,0.00011153846153846153,558070.7231286617,594.2390851347819,0.03438602475232912
LSTM,15,0.0001369230769230769,234201.66321330372,392.26890237641874,0.022217174752684518
LSTM,15,0.0001623076923076923,1513657.2884778169,1078.4323955066457,0.06077076717023376
LSTM,15,0.00018769230769230769,220985.6513586694,377.31889024230884,0.021307434432552935
LSTM,15,0.00021307692307692306,971389.3784372929,938.5991788474462,0.050173880781139955
LSTM,15,0.00023846153846153844,186941.92900059928,370.05833590016425,0.019886356618193587
LSTM,15,0.00026384615384615384,464866.4809481394,586.5116825810185,0.032742922796576646
LSTM,15,0.0002892307692307692,295171.260808514,444.632570984543,0.02515643394448969
LSTM,15,0.00031461538461538465,763304.382692982,709.1078197337963,0.04074550878168521
LSTM,15,0.00034,1475925.4414179174,1191.51756062388,0.062491373345923466
LSTM,15,0.0003653846153846154,2311362.8072959054,1200.4499736316457,0.07011528928509063
LSTM,15,0.0003907692307692308,974274.2039174908,926.0555917245371,0.05039200978400561
LSTM,15,0.00041615384615384615,1272433.1127178962,1039.6151492028823,0.05723607925632929
LSTM,15,0.00044153846153846153,3746832.3304338534,1765.4382128789575,0.09832460292412765
LSTM,15,0.0004669230769230769,3451090.230136976,1696.308683589083,0.09432389777705347
LSTM,15,0.0004923076923076923,2523758.862425664,1364.045191392249,0.07754099477160936
LSTM,15,0.0005176923076923077,4810002.2758442685,1970.274428063396,0.11052143297869191
LSTM,15,0.000543076923076923,4063195.660804958,1902.309087281586,0.10412617808701904
LSTM,15,0.0005684615384615384,4834462.665892242,2016.9463800683243,0.11208551814512593
LSTM,15,0.0005938461538461538,281202.2080170416,453.3195284498208,0.022620732171594056
LSTM,15,0.0006192307692307693,9227865.217741935,2899.6539573532705,0.15913364822167364
LSTM,15,0.0006446153846153846,1430824.1711128263,1115.5890095299433,0.0608982411182794
LSTM,15,0.00067,505602.4124153575,610.3257063452061,0.034375945061065165
LSTM,15,0.0006953846153846154,9499971.081242533,3038.3568233366937,0.16313783021525813
LSTM,15,0.0007207692307692308,371269.820077985,545.7407722427569,0.029991866265252312
LSTM,15,0.0007461538461538462,2905474.2104597194,1635.8263223846327,0.08794668558128223
LSTM,15,0.0007715384615384615,2351648.876761501,1152.8813435726554,0.05289646590915179
LSTM,15,0.0007969230769230769,3177658.618111559,1731.9687138310185,0.091254249665766
LSTM,15,0.0008223076923076923,1943529.7668739602,1305.4385792357377,0.06638070744282333
LSTM,15,0.0008476923076923077,2852986.4126169076,1628.091006991114,0.08671302970981708
LSTM,15,0.000873076923076923,2500671.5352762965,1518.3038532799433,0.08074651119018834
LSTM,15,0.0008984615384615384,3608608.3058865136,1627.3067421314963,0.07839761364307525
LSTM,15,0.0009238461538461538,4997827.40751796,1847.1299831522551,0.08769117616615678
LSTM,15,0.0009492307692307692,3832621.605887036,1664.313735579077,0.07974486096486191
LSTM,15,0.0009746153846153845,3888773.99966077,1906.067289473193,0.10173701712212958
LSTM,15,0.001,1179225.326959717,1029.9857505880377,0.05502909403840413
RNN,15,1e-06,14727842.58004779,3456.1525689310783,0.1943702449490235
RNN,15,3.538461538461538e-06,2184248.3138800636,1236.9909495874404,0.07082197172624534
RNN,15,6.076923076923077e-06,2276852.439139481,1278.8132572151285,0.07287477220348307
RNN,15,8.615384615384615e-06,2250708.383300927,1273.9398089811082,0.07258631872295418
RNN,15,1.1153846153846154e-05,1551850.50178418,1059.886766586395,0.060104398943323256
RNN,15,1.3692307692307692e-05,1766920.529665702,1121.8022571777926,0.0639136019873826
RNN,15,1.623076923076923e-05,2225594.1454627016,1277.7448348360963,0.07244843102947003
RNN,15,1.876923076923077e-05,1773002.803225596,1137.883695723193,0.06450825973739285
RNN,15,2.1307692307692308e-05,2263024.625859018,1295.1034351198477,0.07336918526094252
RNN,15,2.3846153846153846e-05,2165636.8985523875,1287.7061293589456,0.07249106923105716
RNN,15,2.6384615384615384e-05,1181145.4963389388,936.4024709248058,0.052515709080429525
RNN,15,2.8923076923076925e-05,1490833.32685523,1087.592131729764,0.060462469530881996
RNN,15,3.146153846153846e-05,2075370.218250097,1265.8424374159947,0.07096936513756266
RNN,15,3.4e-05,1465629.3117702624,1085.9692061958633,0.060021792559135784
RNN,15,3.653846153846154e-05,1552361.0058578847,1130.4350510099314,0.06226929028889789
RNN,15,3.9076923076923075e-05,1306927.2191366882,1031.0278046128285,0.05682356857189524
RNN,15,4.161538461538461e-05,1688561.1679854307,1169.1735702751644,0.06476821526883642
RNN,15,4.415384615384615e-05,1244385.0108967898,1001.3035125914726,0.055132555240200734
RNN,15,4.669230769230769e-05,1617874.3528153296,1171.2676562966697,0.06403858232651066
RNN,15,4.9230769230769225e-05,1089560.7524919135,957.0500147009409,0.05178884480815317
RNN,15,5.176923076923076e-05,1334502.990388786,1078.0590312780018,0.05797575619194118
RNN,15,5.430769230769231e-05,1447646.4415513636,1117.8465116767472,0.060761652352636634
RNN,15,5.6846153846153845e-05,1313039.058663317,1056.8411633344533,0.05736805324025704
RNN,15,5.938461538461538e-05,889867.2076290636,871.7489464325716,0.04621604941605219
RNN,15,6.192307692307693e-05,971772.8776712908,901.8470413773148,0.04853675273589772
RNN,15,6.446153846153846e-05,1125100.9178207926,975.773679015457,0.05229120713231218
RNN,15,6.7e-05,1020711.2422138611,941.3252139803614,0.049222364927926615
RNN,15,6.953846153846154e-05,1100957.5638790883,978.844978578629,0.051346157525450194
RNN,15,7.207692307692308e-05,1111310.2471027079,988.9575714512396,0.051739276537219374
RNN,15,7.461538461538462e-05,1206966.5251952505,1027.4431878640232,0.0542017109315868
RNN,15,7.715384615384615e-05,1444991.5272747846,1143.2579560091847,0.06030752822672481
RNN,15,7.969230769230769e-05,1277037.0518692546,1038.6882338803016,0.05283764853530809
RNN,15,8.223076923076923e-05,1084591.8221557327,973.7931519283901,0.050753262187738145
RNN,15,8.476923076923077e-05,1082542.3220981976,976.7412926093937,0.05176916021715711
RNN,15,8.73076923076923e-05,924721.294982696,895.0767960816158,0.04684524726970488
RNN,15,8.984615384615384e-05,1165196.4365313496,1008.7481320471177,0.052850604468451426
RNN,15,9.238461538461538e-05,1361829.1482407993,1102.184728989322,0.05801506335639146
RNN,15,9.492307692307692e-05,987738.0369036822,924.7052636368728,0.048392038047216326
RNN,15,9.746153846153845e-05,1414794.197479599,1119.2844667058691,0.059581998709796205
RNN,15,0.0001,1418209.4459736778,1125.4384508941905,0.059399450016308135
LSTM_GRU,15,1e-06,211372903.9617682,14391.33980874776,0.771235228510598
LSTM_GRU,15,3.538461538461538e-06,7931759.037583072,2440.3118127893517,0.13907568168847542
LSTM_GRU,15,6.076923076923077e-06,2012718.9115553962,1163.286816522924,0.06721485484419928
LSTM_GRU,15,8.615384615384615e-06,2346395.549562224,1262.9064238444594,0.07286691602872765
LSTM_GRU,15,1.1153846153846154e-05,2649279.5537133487,1355.1927024996266,0.07796245085893082
LSTM_GRU,15,1.3692307692307692e-05,2529472.762828836,1312.765614499328,0.07573100486463587
LSTM_GRU,15,1.623076923076923e-05,2407255.6961646634,1293.4984494007617,0.07437486436429504
LSTM_GRU,15,1.876923076923077e-05,2542672.467147157,1310.1448871061082,0.07566880515139976
LSTM_GRU,15,2.1307692307692308e-05,2512200.553063943,1327.8501869119623,0.0762328764200077
LSTM_GRU,15,2.3846153846153846e-05,2594546.985335848,1352.4266621397103,0.07758527337528962
LSTM_GRU,15,2.6384615384615384e-05,2702024.9662016775,1378.8679797173686,0.07914241906496798
LSTM_GRU,15,2.8923076923076925e-05,1949866.1132518991,1166.9692038623805,0.06700807313474663
LSTM_GRU,15,3.146153846153846e-05,2202646.5906724646,1213.8712932627689,0.07018361499237429
LSTM_GRU,15,3.4e-05,2053411.0915578024,1205.246379601628,0.06907824021139601
LSTM_GRU,15,3.653846153846154e-05,2058720.4825171148,1188.7502741842145,0.06846595957381912
LSTM_GRU,15,3.9076923076923075e-05,2008846.297196369,1206.4659206522551,0.06886224806057095
LSTM_GRU,15,4.161538461538461e-05,2133413.439934369,1239.0257791498657,0.07082084857886813
LSTM_GRU,15,4.415384615384615e-05,2163024.2233206406,1244.4678971120818,0.07118385196367186
LSTM_GRU,15,4.669230769230769e-05,1492325.8261218602,1023.4599259352599,0.05868373835304305
LSTM_GRU,15,4.9230769230769225e-05,1702224.585598949,1089.8824029737902,0.06257363352771242
LSTM_GRU,15,5.176923076923076e-05,2059027.6675733705,1220.3297409367533,0.06968498079711516
LSTM_GRU,15,5.430769230769231e-05,2072427.6638706988,1224.1118449914127,0.06989720641282635
LSTM_GRU,15,5.6846153846153845e-05,1719411.1111377275,1117.2480900444295,0.06374022052614291
LSTM_GRU,15,5.938461538461538e-05,1647117.7088443842,1097.3402182739696,0.06251013028157097
LSTM_GRU,15,6.192307692307693e-05,2189711.322695715,1247.9415240908752,0.07145526229747179
LSTM_GRU,15,6.446153846153846e-05,2049487.800412888,1228.7906107657557,0.06992902389375366
LSTM_GRU,15,6.7e-05,1608520.2415102066,1087.1711901228346,0.06187660178921231
LSTM_GRU,15,6.953846153846154e-05,2395025.3596045016,1333.4652836114844,0.07582457655690429
LSTM_GRU,15,7.207692307692308e-05,2513494.254208545,1352.9906322337963,0.07719452482982836
LSTM_GRU,15,7.461538461538462e-05,1839913.8930817926,1173.3595465109768,0.0665961712361102
LSTM_GRU,15,7.715384615384615e-05,2105081.0923011624,1243.582828134334,0.07082089582471213
LSTM_GRU,15,7.969230769230769e-05,2015171.1620402136,1232.6619075287485,0.06986033367132503
LSTM_GRU,15,8.223076923076923e-05,2424952.314004531,1335.1314345784797,0.07604103349055344
LSTM_GRU,15,8.476923076923077e-05,2224882.344592989,1293.5685238855287,0.07336539216273522
LSTM_GRU,15,8.73076923076923e-05,2075030.7930577504,1240.4215308113053,0.07052146158360692
LSTM_GRU,15,8.984615384615384e-05,1726228.2830261085,1152.1260372330496,0.06506088249643502
LSTM_GRU,15,9.238461538461538e-05,1971725.8372740021,1228.8582840968488,0.06945594957245901
LSTM_GRU,15,9.492307692307692e-05,1297801.6316125065,995.7896447039277,0.05624377705998832
LSTM_GRU,15,9.746153846153845e-05,1733701.031734708,1167.5135260323327,0.06563750019539988
LSTM_GRU,15,0.0001,1449251.551471929,1066.3714332717293,0.05995880190969347
RNN_GRU,15,1e-06,39669402.044205494,6030.598000438695,0.3305795661651105
RNN_GRU,15,3.538461538461538e-06,4880177.848993308,1797.046115451389,0.10415506146762159
RNN_GRU,15,6.076923076923077e-06,6208965.047535831,2071.2197452303612,0.11928474953716756
RNN_GRU,15,8.615384615384615e-06,4278108.892241775,1692.844819901807,0.09788992957905764
RNN_GRU,15,1.1153846153846154e-05,3887884.0605360144,1687.433345234095,0.09612047637956504
RNN_GRU,15,1.3692307692307692e-05,3844127.7996654077,1691.119109122984,0.09607774937114252
RNN_GRU,15,1.623076923076923e-05,3575143.6476046154,1596.83516161701,0.0913499264032676
RNN_GRU,15,1.876923076923077e-05,3330084.271871136,1593.1340177438024,0.08998944948299002
RNN_GRU,15,2.1307692307692308e-05,3704675.3673467785,1678.9786568007019,0.09499787468642569
RNN_GRU,15,2.3846153846153846e-05,2794509.2604954992,1480.1763517865143,0.08305793808596833
RNN_GRU,15,2.6384615384615384e-05,2979454.746802149,1534.1666001624103,0.08605400416034796
RNN_GRU,15,2.8923076923076925e-05,2592022.1676529325,1429.705961348193,0.08012500437153679
RNN_GRU,15,3.146153846153846e-05,3437837.9730310654,1688.6541300309887,0.09387583089701713
RNN_GRU,15,3.4e-05,2120771.8363076667,1318.961942064292,0.07329484676746152
RNN_GRU,15,3.653846153846154e-05,2701012.3602772555,1485.5508197524641,0.08269232028626293
RNN_GRU,15,3.9076923076923075e-05,2301215.7825961276,1348.3419847203554,0.07557863077780803
RNN_GRU,15,4.161538461538461e-05,3042703.2132518045,1582.5044324503435,0.08799610198095714
RNN_GRU,15,4.415384615384615e-05,1809319.2729139978,1201.4933787429063,0.06695881530196321
RNN_GRU,15,4.669230769230769e-05,1861317.4289111067,1241.8898957866636,0.06860263096704468
RNN_GRU,15,4.9230769230769225e-05,2330644.0624825535,1410.2322363631272,0.07744123945635796
RNN_GRU,15,5.176923076923076e-05,1754594.5850265303,1175.1287464064367,0.06564183129569885
RNN_GRU,15,5.430769230769231e-05,1823696.030450144,1245.1425629573625,0.06808709519637705
RNN_GRU,15,5.6846153846153845e-05,1540030.6111266478,1130.0408837832288,0.06218433830264459
RNN_GRU,15,5.938461538461538e-05,1289731.198181362,1022.2119770665323,0.05653719601385123
RNN_GRU,15,6.192307692307693e-05,1576472.0822066485,1134.0893268835873,0.06271111533202615
RNN_GRU,15,6.446153846153846e-05,1933790.0994739966,1245.2151039333185,0.06923179973197519
RNN_GRU,15,6.7e-05,1757975.1581962158,1196.5064439124103,0.06620737261780323
RNN_GRU,15,6.953846153846154e-05,669583.4607563133,723.5052958389336,0.038444064342755116
RNN_GRU,15,7.207692307692308e-05,1698985.4031732301,1205.1220796464306,0.06555351428465034
RNN_GRU,15,7.461538461538462e-05,1985768.7878609798,1314.3946467573924,0.07114298082872261
RNN_GRU,15,7.715384615384615e-05,1184739.803971057,976.9698339027032,0.05367151714835384
RNN_GRU,15,7.969230769230769e-05,1549567.8730106058,1098.5574491767472,0.061344267322537484
RNN_GRU,15,8.223076923076923e-05,1536301.7528436403,1124.1368575922193,0.06171401052487755
RNN_GRU,15,8.476923076923077e-05,1409166.6519708394,1083.2268413511797,0.05915577334602263
RNN_GRU,15,8.73076923076923e-05,1691275.3879508153,1129.2119957343937,0.06342440808824461
RNN_GRU,15,8.984615384615384e-05,1484393.8602620515,1062.5977064198776,0.05945057467673636
RNN_GRU,15,9.238461538461538e-05,1963197.2280947412,1319.128636732751,0.07105723284975292
RNN_GRU,15,9.492307692307692e-05,1002551.7250999168,888.5666010958034,0.048673595525631726
RNN_GRU,15,9.746153846153845e-05,1326848.3774264664,972.3773066476255,0.055001715356137196
RNN_GRU,15,0.0001,1951233.0231657084,1170.7830736167114,0.06679830586852332
CNN,30,1e-06,3361340.693272134,1511.1787786084976,0.08219127039376838
CNN,30,3.538461538461538e-06,1422005.5036316237,959.3807427008662,0.051361978912996466
CNN,30,6.076923076923077e-06,864595.4150698535,741.5710813825418,0.03907146499628498
CNN,30,8.615384615384615e-06,3815966.414697508,1636.6582999645311,0.07990423495136591
CNN,30,1.1153846153846154e-05,974670.2877978845,775.7816886947431,0.04037994560129538
CNN,30,1.3692307692307692e-05,1627561.3825038024,1023.4007033116786,0.05153353755727034
CNN,30,1.623076923076923e-05,1378665.1240752435,934.2334591080496,0.047502453439332376
CNN,30,1.876923076923077e-05,1778817.9858791893,1062.0661308990443,0.05152982434981219
CNN,30,2.1307692307692308e-05,955654.8496898449,775.683990442055,0.03976634320555204
CNN,30,2.3846153846153846e-05,11568125.459883459,2930.071709089382,0.14190529170767952
CNN,30,2.6384615384615384e-05,6557778.433619628,2201.973729652031,0.10708900398664539
CNN,30,2.8923076923076925e-05,3358221.084493074,1645.6393649193549,0.08361176899452098
CNN,30,3.146153846153846e-05,779390.0811852076,705.0533060782557,0.03600214369840438
CNN,30,3.4e-05,4091822.7376771015,1822.8967375578704,0.09106912495517767
CNN,30,3.653846153846154e-05,3365524.6720214076,1502.656549852524,0.07181099543742682
CNN,30,3.9076923076923075e-05,4963764.664700945,1915.1018845206092,0.09257762086417208
CNN,30,4.161538461538461e-05,3213465.5992176826,1467.640566662933,0.06978289835429567
CNN,30,4.415384615384615e-05,1638570.8110134848,1026.6615225041069,0.04881893194390026
CNN,30,4.669230769230769e-05,2889433.5116905384,1382.807051317951,0.0655467388120389
CNN,30,4.9230769230769225e-05,1721616.0063884968,1086.8999845990143,0.05227520680030334
CNN,30,5.176923076923076e-05,1309375.0777913132,885.4142340109767,0.041289974454213806
CNN,30,5.430769230769231e-05,2232116.3857286605,1147.365883083184,0.05341999651644675
CNN,30,5.6846153846153845e-05,3382819.0325999563,1695.6902243410245,0.08483517429209453
CNN,30,5.938461538461538e-05,5109094.156280741,1715.7281107657557,0.07871570607699875
CNN,30,6.192307692307693e-05,3298025.8210740904,1577.656584854764,0.07675458248615656
CNN,30,6.446153846153846e-05,3645741.268624601,1441.0756036719683,0.0663680461209383
CNN,30,6.7e-05,1906903.0455002142,1285.141622563844,0.06761400520497222
CNN,30,6.953846153846154e-05,2759059.9788720645,1574.927572197954,0.08071991164844233
CNN,30,7.207692307692308e-05,1735244.4636886397,1001.3365022028077,0.046361595255427
CNN,30,7.461538461538462e-05,7518266.896659873,2047.1625002333483,0.09350275439010473
CNN,30,7.715384615384615e-05,3765571.574590056,1510.0287496733124,0.07035068026553021
CNN,30,7.969230769230769e-05,1779062.3135349725,1247.0892685465203,0.06749428033366507
CNN,30,8.223076923076923e-05,4859236.043372634,1824.5523435166517,0.08669482331505722
CNN,30,8.476923076923077e-05,2225985.4284163807,1290.3000030335274,0.06265581284779655
CNN,30,8.73076923076923e-05,870045.514886193,752.4100290751942,0.03669092133832878
CNN,30,8.984615384615384e-05,1177742.2077444252,942.9474744716995,0.05218791222443929
CNN,30,9.238461538461538e-05,1041428.6244202891,947.3147296426971,0.05042732883198298
CNN,30,9.492307692307692e-05,2974280.226811016,1593.4596599182348,0.08779755848061556
CNN,30,9.746153846153845e-05,3230108.1826448976,1599.4068788735813,0.0786120351808693
CNN,30,0.0001,4307291.938476416,2011.4660466603195,0.10713854938575257
GRU,30,1e-06,9798019.575268818,2903.372530008587,0.16142413288960178
GRU,30,3.538461538461538e-06,2377977.2011727,1229.7934156119325,0.07169412114922803
GRU,30,6.076923076923077e-06,1867964.3867729625,1106.3553415751942,0.06409915582105509
GRU,30,8.615384615384615e-06,2554022.646691686,1268.1827665303913,0.07404150548206406
GRU,30,1.1153846153846154e-05,1556202.293531958,1006.8651935390532,0.05835588404356403
GRU,30,1.3692307692307692e-05,1817163.6364675222,1074.3207966976554,0.06254894804747423
GRU,30,1.623076923076923e-05,2693095.910261489,1297.302758876568,0.07580620532269072
GRU,30,1.876923076923077e-05,891632.6027544994,767.1515025294952,0.04419337934235881
GRU,30,2.1307692307692308e-05,1423846.8015710062,963.5101284815562,0.05578435395321418
GRU,30,2.3846153846153846e-05,1731379.99236716,1060.1488260248657,0.06150409550528748
GRU,30,2.6384615384615384e-05,953444.6981263884,781.9660746621117,0.04530655681614325
GRU,30,2.8923076923076925e-05,905423.2257385801,767.954194901807,0.044335120625373044
GRU,30,3.146153846153846e-05,886329.7977801771,760.6140547995071,0.04389631394783948
GRU,30,3.4e-05,1185021.3634197277,890.0371735457736,0.05128537743003825
GRU,30,3.653846153846154e-05,922328.0761912675,787.1804587160245,0.04518803844099932
GRU,30,3.9076923076923075e-05,1107394.5087397038,884.8300302886051,0.05047505767128001
GRU,30,4.161538461538461e-05,973409.8383670975,828.1146125018668,0.04720248588639397
GRU,30,4.415384615384615e-05,597681.0766048272,661.8693378042861,0.03724128220714466
GRU,30,4.669230769230769e-05,674151.5374198421,706.4163131440412,0.03972782261462814
GRU,30,4.9230769230769225e-05,824806.17696248,765.4941954618429,0.04352873118500692
GRU,30,5.176923076923076e-05,1030664.3144911535,872.3339598734319,0.049379019063283784
GRU,30,5.430769230769231e-05,672530.9515164694,707.378433719758,0.03977265608193199
GRU,30,5.6846153846153845e-05,631062.1511364826,692.31056437612,0.03873896558821622
GRU,30,5.938461538461538e-05,478164.5862725963,607.7286871359767,0.03366879638289452
GRU,30,6.192307692307693e-05,469670.4603921031,595.4816086562873,0.033143736920973554
GRU,30,6.446153846153846e-05,554013.1839840158,655.6137211114844,0.036351597181358206
GRU,30,6.7e-05,309895.45827872434,481.90252226142474,0.026502626461233095
GRU,30,6.953846153846154e-05,658973.5265335119,725.8409043178764,0.04013640893935882
GRU,30,7.207692307692308e-05,454026.26715747826,610.9272151751045,0.03321636478596599
GRU,30,7.461538461538462e-05,253060.7448200194,440.29296991674136,0.02359252079859267
GRU,30,7.715384615384615e-05,519494.6413401623,656.5677188340054,0.03566539795619463
GRU,30,7.969230769230769e-05,214251.17917468984,394.7481017118429,0.021079235858556686
GRU,30,8.223076923076923e-05,400660.28097569273,571.8221571180555,0.030927413477818164
GRU,30,8.476923076923077e-05,220683.2262161282,404.48931381608423,0.021064783439901546
GRU,30,8.73076923076923e-05,367654.2781775735,546.5891752072133,0.029655091983137937
GRU,30,8.984615384615384e-05,179523.83846943354,352.7561475601105,0.018041671607165865
GRU,30,9.238461538461538e-05,325370.396949563,507.5192477318548,0.027489298925395738
GRU,30,9.492307692307692e-05,443204.6522555881,604.776108170923,0.032787033751457736
GRU,30,9.746153846153845e-05,102909.79506387106,239.97825427494027,0.012459873977814446
GRU,30,0.0001,110805.55224614502,258.59446054547493,0.013586109008538795
LSTM,30,1e-05,1699433.5141023204,1037.366262274119,0.06044070559117583
LSTM,30,3.538461538461538e-05,1629174.9370747593,1059.530546454973,0.060943880724802925
LSTM,30,6.0769230769230765e-05,913166.5342566833,798.7876519097222,0.04561224957917491
LSTM,30,8.615384615384615e-05,1033971.6034206814,909.8900684643817,0.05069575049934448
LSTM,30,0.00011153846153846153,290577.93837819615,480.03824461432197,0.02479665673465245
LSTM,30,0.0001369230769230769,710082.366151019,795.0168022420102,0.04186547453361245
LSTM,30,0.0001623076923076923,310814.0514003704,453.00546618316906,0.025695163110417866
LSTM,30,0.00018769230769230769,3459196.496260193,1635.4576227878583,0.09256543476719258
LSTM,30,0.00021307692307692306,263035.697514297,395.12420894937276,0.018828548540447434
LSTM,30,0.00023846153846153844,2306630.3518066225,1288.980889943623,0.07363042976633713
LSTM,30,0.00026384615384615384,1222805.6017765286,985.576803082064,0.04867006096495646
LSTM,30,0.0002892307692307692,611938.6057572268,653.5714290714606,0.03714959745935943
LSTM,30,0.00031461538461538465,1745333.550928788,1145.4132492812873,0.06482162121738298
LSTM,30,0.00034,951253.0684333993,790.7058866767474,0.03759666570641569
LSTM,30,0.0003653846153846154,236341.84077912563,418.9984389000896,0.02086671395248176
LSTM,30,0.0003907692307692308,2745656.3860445786,1390.5146974406362,0.06673519710806118
LSTM,30,0.00041615384615384615,414013.5466816491,594.9731661159648,0.03100095087177762
LSTM,30,0.00044153846153846153,773384.4499531225,785.7040735607079,0.03896357495819798
LSTM,30,0.0004669230769230769,11573711.380675029,3215.8167294373507,0.17696241832815618
LSTM,30,0.0004923076923076923,13200139.032258065,3607.553897616114,0.18695508844465053
LSTM,30,0.0005176923076923077,346754.716723466,537.5898939198776,0.028588356649649985
LSTM,30,0.000543076923076923,203933.37572191207,358.79436067241636,0.020113798941383612
LSTM,30,0.0005684615384615384,423608.72536192316,566.5476345486111,0.030399153220681357
LSTM,30,0.0005938461538461538,1270263.7405154912,1001.561278421819,0.05574442071534803
LSTM,30,0.0006192307692307693,6448240.482538066,1997.501676607303,0.1170464483381531
LSTM,30,0.0006446153846153846,2975030.9145339546,1643.3820272830794,0.08417292218036414
LSTM,30,0.00067,20475305.74910394,4473.14034614882,0.23973698803672083
LSTM,30,0.0006953846153846154,2030704.2621857382,1347.5280519619923,0.06848500315305803
LSTM,30,0.0007207692307692308,1479548.5568954714,994.6452744642323,0.05739877514679827
LSTM,30,0.0007461538461538462,15365938.92353644,3557.6393847539575,0.19956955952812408
LSTM,30,0.0007715384615384615,1975963.357947346,1334.1727348883662,0.07024544162543328
LSTM,30,0.0007969230769230769,3239443.5601836764,1711.4633398204153,0.08745218682581629
LSTM,30,0.0008223076923076923,3037905.585542631,1371.798003238874,0.06414593259595217
LSTM,30,0.0008476923076923077,2909518.2538497043,1647.7019570919206,0.08755140029105499
LSTM,30,0.000873076923076923,1415348.023739873,1073.6385540341248,0.05382872425975821
LSTM,30,0.0008984615384615384,1755685.312129268,1255.035729119997,0.06490926879815304
LSTM,30,0.0009238461538461538,3514302.6557297064,1814.6352824914127,0.09543143556491676
LSTM,30,0.0009492307692307692,2751661.4714692365,1572.6712554603494,0.08508693380051836
LSTM,30,0.0009746153846153845,3981671.590617008,1907.5841278841847,0.10306912274884333
LSTM,30,0.001,1808135.6085444032,1100.5507905839306,0.05217517752383716
RNN,30,1e-06,7764621.093741906,2376.3903158135454,0.13602090836892053
RNN,30,3.538461538461538e-06,1945724.616187311,1174.036888860887,0.06704962071534099
RNN,30,6.076923076923077e-06,2109421.480830253,1231.9421984673686,0.07018784150314702
RNN,30,8.615384615384615e-06,1891579.0170243604,1156.1653937518668,0.06602652411968031
RNN,30,1.1153846153846154e-05,2431740.0189623586,1296.4559356798836,0.0744241698251319
RNN,30,1.3692307692307692e-05,2202983.2202234166,1226.2556528617831,0.07054731530386534
RNN,30,1.623076923076923e-05,2032923.915549954,1206.2118883941905,0.06872160014967255
RNN,30,1.876923076923077e-05,1522485.2732855729,1043.4071215557797,0.0593703095352621
RNN,30,2.1307692307692308e-05,1554327.9389792047,1055.2730746434438,0.06000412253246311
RNN,30,2.3846153846153846e-05,1450550.237641903,1023.6417229035992,0.05814975489130721
RNN,30,2.6384615384615384e-05,1414928.0243222865,1028.5143707530615,0.05789457184830116
RNN,30,2.8923076923076925e-05,1981158.5180652395,1234.9416290975955,0.06940892497596376
RNN,30,3.146153846153846e-05,1762386.7568345156,1147.9823857060185,0.06491208396952994
RNN,30,3.4e-05,1888355.2451778809,1185.4144113556601,0.0670242920589238
RNN,30,3.653846153846154e-05,1077034.6956755708,896.4876757112455,0.05033450492225093
RNN,30,3.9076923076923075e-05,1828883.6118495718,1193.4905598958333,0.06696044636824644
RNN,30,4.161538461538461e-05,2058358.2951846335,1265.257066952285,0.07104708028869988
RNN,30,4.415384615384615e-05,1284290.9246074215,979.803790275911,0.05514927057083913
RNN,30,4.669230769230769e-05,1306121.221958607,1007.9921933337067,0.056238700903077025
RNN,30,4.9230769230769225e-05,1198362.9462924579,978.6493043888142,0.05422490477911614
RNN,30,5.176923076923076e-05,1727232.6679839178,1173.1025390625,0.06545292051912929
RNN,30,5.430769230769231e-05,1200224.5848957459,971.6208872367831,0.05413460268080875
RNN,30,5.6846153846153845e-05,1384292.0975037168,1052.3878773241488,0.05836082959387411
RNN,30,5.938461538461538e-05,726672.3340006593,740.5720801131272,0.04103169000446156
RNN,30,6.192307692307693e-05,830954.1684606089,811.6842109561678,0.044713623122860965
RNN,30,6.446153846153846e-05,1151659.8932347086,979.4822200287485,0.0535000817310716
RNN,30,6.7e-05,1400737.5930967343,1068.9780267603794,0.05907203117642817
RNN,30,6.953846153846154e-05,1306235.6297094831,1036.5986094776733,0.05707162314929747
RNN,30,7.207692307692308e-05,1510055.9917329312,1118.152398586843,0.06163295035536412
RNN,30,7.461538461538462e-05,1283241.0692191357,1002.1036661346326,0.05581113640275999
RNN,30,7.715384615384615e-05,708861.3114302485,760.5655393611858,0.04088114317277372
RNN,30,7.969230769230769e-05,1289048.9062503509,1051.2122430835573,0.057041017848176584
RNN,30,8.223076923076923e-05,935889.3287934015,885.2301432291666,0.04806869543113566
RNN,30,8.476923076923077e-05,745993.5328945082,794.7829639430257,0.04216418898472115
RNN,30,8.73076923076923e-05,903968.4853684073,870.6558008045848,0.04697795949844041
RNN,30,8.984615384615384e-05,650166.3535820426,725.1199865124702,0.038261989044301836
RNN,30,9.238461538461538e-05,936956.5290931921,898.0545136555406,0.04765385196776348
RNN,30,9.492307692307692e-05,827135.2286316793,832.5033660487604,0.04456293286803692
RNN,30,9.746153846153845e-05,660998.3255620704,711.9173258755227,0.03613892040104025
RNN,30,0.0001,714436.8726357855,768.0159085181451,0.04032474072996261
LSTM_GRU,30,1e-06,102929531.16367981,10030.095377604166,0.5381633200668234
LSTM_GRU,30,3.538461538461538e-06,4479133.596487727,1661.3072741655467,0.09741849992108383
LSTM_GRU,30,6.076923076923077e-06,1961275.1333490596,1181.718573822058,0.06759335047544121
LSTM_GRU,30,8.615384615384615e-06,2006770.1221276105,1176.7319983478942,0.0676773297005506
LSTM_GRU,30,1.1153846153846154e-05,2566117.5073343185,1308.7457098920997,0.07571353522353842
LSTM_GRU,30,1.3692307692307692e-05,3613713.2203000705,1531.6081790901285,0.08902850272785566
LSTM_GRU,30,1.623076923076923e-05,2875043.628638975,1385.6621175421894,0.08017366083970379
LSTM_GRU,30,1.876923076923077e-05,2559819.4065764872,1293.972104381347,0.0750949636224536
LSTM_GRU,30,2.1307692307692308e-05,3190115.1213615355,1441.787616907482,0.08375218060446776
LSTM_GRU,30,2.3846153846153846e-05,2586944.653480885,1285.8902831447879,0.07488416233210136
LSTM_GRU,30,2.6384615384615384e-05,3155199.4236057694,1423.7540194239098,0.08288198246111123
LSTM_GRU,30,2.8923076923076925e-05,3024332.267116059,1392.66795124888,0.0810867694667329
LSTM_GRU,30,3.146153846153846e-05,2501197.0112267816,1252.5354584360066,0.0731369960679547
LSTM_GRU,30,3.4e-05,2401078.7882185313,1251.3232981910842,0.07264312292546397
LSTM_GRU,30,3.653846153846154e-05,2859268.4002944324,1342.8429554491488,0.07836875028082271
LSTM_GRU,30,3.9076923076923075e-05,2653852.5334695796,1318.20833916704,0.07648845756384867
LSTM_GRU,30,4.161538461538461e-05,3107070.2275309684,1423.3089869418309,0.08267167177017369
LSTM_GRU,30,4.415384615384615e-05,2093207.6976044767,1192.1426072935335,0.06875050259945166
LSTM_GRU,30,4.669230769230769e-05,2741809.052052424,1339.5694526116338,0.07772927392015128
LSTM_GRU,30,4.9230769230769225e-05,2899554.1993185976,1381.3889367252837,0.08010151441442127
LSTM_GRU,30,5.176923076923076e-05,2088403.9222074484,1192.4712969963412,0.06873604929194746
LSTM_GRU,30,5.430769230769231e-05,2699508.3182067326,1366.9547806059588,0.07862327923212954
LSTM_GRU,30,5.6846153846153845e-05,2902693.1765365326,1390.1026020665322,0.08045486006102363
LSTM_GRU,30,5.938461538461538e-05,2002697.038492474,1154.4025549301823,0.06677636603550516
LSTM_GRU,30,6.192307692307693e-05,1807431.250810083,1158.3920729260005,0.06577637498140426
LSTM_GRU,30,6.446153846153846e-05,1970265.220270232,1192.3676693641726,0.0680607812952432
LSTM_GRU,30,6.7e-05,1736004.1043140406,1132.50243265569,0.06436146348868518
LSTM_GRU,30,6.953846153846154e-05,2649446.840355444,1388.6112826220879,0.07920293776687914
LSTM_GRU,30,7.207692307692308e-05,2207090.7407567515,1266.2486944164427,0.07222353506076963
LSTM_GRU,30,7.461538461538462e-05,1664398.3529011717,1114.2046219291367,0.06319722209877937
LSTM_GRU,30,7.715384615384615e-05,2113025.2218779605,1255.9549532836768,0.07126493028593456
LSTM_GRU,30,7.969230769230769e-05,1802358.480737907,1179.0728664967892,0.06647315401269735
LSTM_GRU,30,8.223076923076923e-05,1866314.232634222,1180.8253259875298,0.06698400097461851
LSTM_GRU,30,8.476923076923077e-05,2082207.587641184,1243.3760769022551,0.07061790045388483
LSTM_GRU,30,8.73076923076923e-05,1986029.935459898,1251.3935010173984,0.07027360538906606
LSTM_GRU,30,8.984615384615384e-05,1635116.0745346681,1129.580240302046,0.0635167933356383
LSTM_GRU,30,9.238461538461538e-05,1528237.3738633934,1102.088398157482,0.061705609309002186
LSTM_GRU,30,9.492307692307692e-05,1586942.8489850955,1122.2948343693997,0.06288029253121194
LSTM_GRU,30,9.746153846153845e-05,1548421.395855433,1110.0332252930855,0.062142919081476324
LSTM_GRU,30,0.0001,1471088.8646658075,1100.734588513665,0.06113906977370658
RNN_GRU,30,1e-06,29544159.619175628,5048.630524520236,0.2806757907588992
RNN_GRU,30,3.538461538461538e-06,4660313.054686857,1763.8272791125298,0.10207214219231138
RNN_GRU,30,6.076923076923077e-06,6778778.84789617,2071.7390571329897,0.12096203437509559
RNN_GRU,30,8.615384615384615e-06,6329833.39272188,2009.9953878714905,0.11718235928447736
RNN_GRU,30,1.1153846153846154e-05,4729240.665674909,1749.7383594216697,0.10174975375394864
RNN_GRU,30,1.3692307692307692e-05,5490101.208525668,1887.4495442708333,0.10973603549444887
RNN_GRU,30,1.623076923076923e-05,3923764.215417208,1649.8039606201464,0.09485632425476352
RNN_GRU,30,1.876923076923077e-05,3136897.451726852,1461.7576666573327,0.08423605082762661
RNN_GRU,30,2.1307692307692308e-05,3088287.086263317,1490.8503502557496,0.08509101561803607
RNN_GRU,30,2.3846153846153846e-05,3878431.6779001113,1720.4658669821536,0.09725482381580709
RNN_GRU,30,2.6384615384615384e-05,1956475.0114702615,1194.4235329394414,0.06786373880813666
RNN_GRU,30,2.8923076923076925e-05,3480821.5483748824,1535.0407484412335,0.08855623171911896
RNN_GRU,30,3.146153846153846e-05,2562630.115338803,1355.8193196031214,0.07740517062067027
RNN_GRU,30,3.4e-05,2429519.51240921,1347.572175785917,0.076347498298779
RNN_GRU,30,3.653846153846154e-05,2942878.454090624,1512.3636604409348,0.085162220609134
RNN_GRU,30,3.9076923076923075e-05,2070787.0517798439,1250.5092184233124,0.07064297606811033
RNN_GRU,30,4.161538461538461e-05,2856714.449575281,1479.5425428894116,0.08344825847230548
RNN_GRU,30,4.415384615384615e-05,2538394.7705549924,1384.8153456821237,0.0783115291825494
RNN_GRU,30,4.669230769230769e-05,2324126.1426874935,1302.6921214624404,0.07409840924479652
RNN_GRU,30,4.9230769230769225e-05,2606463.682309824,1405.159966071162,0.07938575916980434
RNN_GRU,30,5.176923076923076e-05,2449082.066409823,1385.5071882933842,0.07771623018385482
RNN_GRU,30,5.430769230769231e-05,1546729.5318454073,1096.135483170923,0.06130710370322753
RNN_GRU,30,5.6846153846153845e-05,2438480.1770833926,1382.0696579581092,0.0775126123736792
RNN_GRU,30,5.938461538461538e-05,2136684.6301741786,1283.864047799059,0.07215193948957996
RNN_GRU,30,6.192307692307693e-05,1545460.956902252,1089.3309006776433,0.061044813391259896
RNN_GRU,30,6.446153846153846e-05,1746593.8453501903,1135.2569059419802,0.06421313127694739
RNN_GRU,30,6.7e-05,2276187.2409050916,1303.896805228868,0.07373372315981115
RNN_GRU,30,6.953846153846154e-05,2040060.6410629747,1212.6292924413829,0.06898271445515242
RNN_GRU,30,7.207692307692308e-05,2391824.4871426974,1339.0550923592443,0.07571020150970108
RNN_GRU,30,7.461538461538462e-05,3353845.5516812815,1588.4453510024641,0.08995854788561163
RNN_GRU,30,7.715384615384615e-05,3008336.2278658594,1486.6770494978346,0.0845500082227865
RNN_GRU,30,7.969230769230769e-05,2660164.4423508546,1406.2054316476253,0.07972165653525197
RNN_GRU,30,8.223076923076923e-05,3630211.6208636696,1660.698293524119,0.09392679938701916
RNN_GRU,30,8.476923076923077e-05,1549980.0840411214,1018.6180497218488,0.058660705839526504
RNN_GRU,30,8.73076923076923e-05,3285433.5226623006,1489.6657064385454,0.08594196885157328
RNN_GRU,30,8.984615384615384e-05,4520077.107917526,1787.1892302774045,0.10243710493605977
RNN_GRU,30,9.238461538461538e-05,3193488.7853443325,1452.1412655409947,0.08409360670751996
RNN_GRU,30,9.492307692307692e-05,3901673.932814075,1694.000306852972,0.09639482359427473
RNN_GRU,30,9.746153846153845e-05,3143801.31398878,1522.6927608366937,0.08654063220203047
RNN_GRU,30,0.0001,3893508.3900609035,1645.252836348193,0.09450364488703722
